,lat,han,count
45,ge,渠,6237
2,keh,個,4741
175,he,許,4476
95,z,是,3915
174,ngô,我,3848
122,nying,人,3718
143,ng,爾,3588
142,kông,講,2913
211,ze,在,2650
44,teh,搭,2496
25,feh,弗,2475
102,yiu,有,2155
172,zông,上,1888
115,peh,畀,1827
135,keh,箇,1819
94,ziu,就,1774
36,yia,耶,1681
141,le,來,1627
67,ts,子,1613
136,cü,主,1565
148,yü,爲,1506
37,su,穌,1494
68,su,所,1453
100,ih,一,1363
62,teh,得,1292
225,djôh,着,1278
162,hao,好,1252
152,iao,要,1221
149,we,會,1198
10,tao,到,1198
118,tso,做,1154
173,ti,帝,1139
150,ke,個,1009
106,z,事,986
224,mông,望,815
140,c'ih,出,797
147,ing,因,793
269,li,裏,786
107,kön,幹,778
261,ah,也,755
285,z,自,726
144,k'e,去,686
31,deo,頭,684
305,sing,心,681
160,tu,都,669
219,tseo,走,667
70,meng,門,638
83,z,時,636
38,sang,生,627
0,kyi,基,619
176,jü,聚,600
208,gao,爻,599
1,toh,督,598
77,pah,百,590
704,sing,信,588
498,du,徒,583
6,ô,亞,583
26,yüong,用,577
14,li,利,563
5,jong,從,562
703,siang,相,561
361,to,多,544
439,ziah,若,535
105,yi,又,527
22,t'in,天,522
243,lôh,落,511
84,'eo,候,501
166,wa,話,496
177,de,隊,494
167,ing,應,492
293,hyiao,曉,479
48,fæh,法,479
146,ku,過,476
29,shih,說,465
312,m,無,463
436,nyih,日,463
16,sing,聖,458
434,yiang,樣,455
185,dæn,但,453
116,wæ,還,432
547,min,面,429
207,s,死,425
227,t'ing,聽,424
40,sæh,撒,424
229,cong,衆,423
239,ke,該,419
69,lo,羅,409
181,ky'i,起,409
164,sin,先,401
138,cong,中,395
151,n,兒,392
114,hyü,許,384
445,weh,活,382
283,bih,別,371
416,ziang,像,371
214,t'a,太,370
689,tsa,怎,369
1404,ü,於,367
443,tsih,只,365
43,yiu,猶,359
165,ts,知,355
378,neng,能,348
17,ling,靈,345
272,k'e,開,341
119,ts'ing,親,341
539,zin,前,335
61,lu,路,333
372,i,以,330
829,pao,保,329
158,ze,罪,325
34,da,大,325
194,di,地,323
515,sing,身,320
262,koh,國,317
353,ky'üoh,喫,317
39,yi,以,312
32,'eo,後,311
11,iah,約,308
209,cün,轉,306
431,pi,彼,303
124,ming,明,298
286,kyi,己,298
327,dao,道,292
309,ziu,受,290
421,i,意,288
93,leh,律,287
394,siu,手,287
267,tsing,進,286
63,si,西,279
376,sih,些,275
169,do,大,275
113,kying,經,275
561,sön,算,274
13,mô,馬,273
47,di,弟,273
484,kao,教,267
46,hyüong,兄,267
555,vu,父,267
139,yin,現,266
33,de,代,264
8,læh,拉,264
199,li,禮,261
154,ming,名,260
112,yi,已,255
385,væn,凡,254
326,djün,傳,254
430,li,理,254
310,ön,安,253
234,yiang,央,250
612,kao,告,248
499,si,世,247
108,tsiao,照,247
256,ts'a,差,244
15,bi,被,242
23,s,使,240
103,zih,十,238
420,e,愛,236
24,ao,謳,231
264,lao,牢,231
42,kôh,各,229
645,teh,{搭},226
72,pi,比,225
117,vong,朆,224
198,ta,帶,223
240,we,回,221
317,lao,老,221
466,nga,外,219
248,ting,頂,216
87,ts,之,216
652,s,賜,215
287,kæn,{簡},215
241,teh,答,214
486,foh,福,213
412,t'ih,{剔},212
78,sing,姓,211
299,liang,兩,209
616,gyiu,求,207
236,shü,書,207
3,kô,家,205
275,do,馱,201
543,zah,甚,200
544,m,麼,200
281,k'o,可,199
195,fông,方,199
76,hyi,希,195
339,ing,音,192
212,kô,加,191
646,ding,定,188
557,zih,實,184
231,tsi,祭,184
325,'ön,翰,178
444,k'ao,靠,178
424,kyü,鬼,178
590,ngæn,眼,176
391,tse,再,175
587,nyü,女,174
220,lang,冷,174
155,z,字,172
382,fông,放,172
467,zo,坐,171
318,tsih,接,171
328,'ang,行,170
447,gyi,徛,169
460,wa,華,169
316,ming,命,169
459,yüong,榮,169
531,næn,難,166
332,se,賽,165
585,tsong,總,165
218,pin,邊,165
121,dzih,直,165
407,fe,{=弗會},161
329,si,洗,160
242,sia,寫,158
767,nu,奴,157
184,fu,咐,157
768,boh,僕,155
414,kong,公,154
761,tsing,證,152
249,siao,小,151
1466,eng,恩,150
473,s,司,150
257,tang,打,149
81,pô,巴,148
320,yü,位,148
454,kyiah,腳,148
7,pah,伯,147
296,ky'i,氣,146
741,gyi,奇,146
182,i,依,145
461,li,離,144
566,pih,必,144
387,tön,斷,144
259,t'ong,通,143
413,ts'ih,切,143
367,kæh,何,143
446,k'eo,口,143
968,zin,然,142
183,feng,吩,141
675,'oh,或,141
54,nô,拿,140
883,feng,分,140
660,c'ü,處,139
216,kyi,幾,139
156,kyiu,救,138
324,zing,城,138
161,zing,成,137
427,voh,服,136
109,'ô,下,135
159,ôh,惡,135
238,meng,問,134
760,te,對,130
621,tao,禱,130
832,nyi,二,128
433,i,醫,127
282,kyin,見,127
477,lih,立,127
404,siu,收,127
379,keo,夠,127
476,keng,跟,124
127,siang,想,124
448,din,殿,123
233,tsiang,長,122
508,ky'ün,勸,121
56,jing,順,121
506,væh,罰,119
415,nyi,義,119
200,veh,物,119
1082,nyüoh,肉,119
851,lih,力,119
676,tsia,者,119
706,kwön,管,118
727,nô,女,117
970,sæn,三,116
480,jün,船,116
601,bah,白,116
522,mön,滿,115
793,yün,遠,115
435,bing,病,115
626,ky'i,豈,114
899,hyin,顯,114
536,hyi,喜,114
27,p'ô,怕,113
884,tih,跌,112
688,keh,割,111
210,djü,住,110
134,ts'eng,忖,110
535,hwön,歡,109
235,doh,讀,109
560,lin,連,109
86,nyi,尼,109
470,liang,亮,108
204,sæh,殺,107
258,zing,尋,107
133,s,思,107
627,kah,格,105
98,ts'ing,稱,105
1153,hyiao,{=休要},104
762,u,{烏},104
849,di,第,104
1467,yü,惠,104
489,leng,論,104
895,t'ao,討,103
1461,di,提,103
111,nyiang,娘,103
389,shü,水,103
304,sing,聲,102
537,kw'a,快,102
485,hyüing,訓,102
120,tsing,正,100
253,seh,色,100
900,ts'ing,請,100
742,ts'ong,聰,100
340,bi,備,99
636,liu,留,99
341,bæn,辦,99
188,teng,等,98
66,ts'i,妻,98
993,dziang,長,98
933,sih,識,98
441,ping,餅,98
624,din,田,98
247,fi,非,97
967,kyi,既,97
568,p'ön,判,96
180,nang,{儜},96
759,mo,摩,95
377,zih,石,95
268,oh,屋,95
49,z,士,95
597,nyün,願,95
511,sih,惜,94
265,kao,高,94
740,kön,趕,93
345,i,衣,92
19,dong,動,91
594,t'i,體,91
483,dông,堂,91
678,i,{倚},91
373,ko,果,91
453,sang,省,91
490,zao,{唣},91
588,væn,犯,90
457,tin,點,90
395,k'ô,揢,90
1129,siu,守,89
938,sih,息,89
346,zông,裳,88
950,tsing,真,87
463,he,海,87
1457,tsiu,周,87
687,cong,種,87
362,t'u,土,87
254,lih,列,87
411,ts'ia,且,87
892,kô,架,86
41,ngô,雅,86
471,kwông,光,86
280,ts,指,86
456,sæn,山,86
554,kyü,歸,86
564,tsih,節,85
71,ön,暗,85
633,meh,物,85
567,sing,審,84
577,ting,{點},84
1081,üong,永,83
622,zin,善,83
666,fæh,發,83
442,tæn,單,83
549,zao,造,83
1403,joh,屬,83
620,de,待,82
751,ping,柄,82
771,kyi,{己},82
393,tông,當,81
681,hæh,喝,81
222,'ah,{何},81
223,yi,{裏},81
730,yiang,羊,80
750,gyün,權,79
315,sing,性,78
64,wông,王,78
97,fu,夫,78
640,tsæn,讚,78
579,kao,交,77
853,ma,賣,77
478,k'eh,刻,77
104,s,四,76
578,kwön,官,76
630,nô,哪,75
754,bing,平,75
653,min,免,75
902,sô,奢,75
910,ping,幷,75
596,kô,假,75
374,tsu,祖,74
683,djong,重,74
458,væn,萬,74
59,'eh,合,74
635,zeo,愁,74
307,hyiang,響,74
655,p'ong,碰,74
629,sô,赦,74
359,tsiao,招,73
383,jü,樹,73
9,hön,罕,72
125,tao,倒,72
527,kyih,潔,72
360,nying,認,72
462,kæn,監,71
850,fi,腓,71
375,tsong,宗,71
492,k'u,苦,70
1028,ts'in,千,70
546,vu,無,70
545,tsông,妝,70
28,ka,解,70
987,zih,集,70
589,tsih,隻,69
337,ke,改,69
648,kying,敬,69
308,kyih,結,69
266,hying,興,68
817,sing,新,68
800,hyüih,血,67
583,din,鈿,67
99,hwu,呼,67
410,fæn,反,67
319,pang,伯,67
650,kying,今,67
354,zih,食,67
1158,gyi,其,67
400,zing,淨,66
1147,ting,釘,66
634,iu,憂,66
758,môh,摸,66
804,hæh,瞎,65
848,u,污,65
514,jün,全,65
863,jü,隨,64
929,zia,謝,64
425,s,試,64
1692,la,賴,63
390,jü,如,63
707,tsah,責,63
1027,ng,五,63
221,wông,皇,63
946,siao,少,63
875,ti,底,62
344,tsiah,着,62
861,t'ao,套,62
205,si,細,62
789,veng,墳,62
857,nying,銀,62
288,djü,除,62
528,'o,和,61
523,coh,足,61
847,we,穢,61
625,liang,糧,61
35,bih,闢,60
334,hông,荒,60
128,s,私,60
289,mih,滅,60
905,pæn,扳,59
336,hwe,悔,59
833,nyin,年,59
96,dziang,丈,59
726,shü,雖,58
186,dong,同,58
85,ko,哥,58
505,ying,淫,57
820,gyiu,舊,57
826,tsiu,酒,57
196,pa,拜,57
290,yia,夜,57
388,ho,火,56
123,k'eng,肯,56
766,ping,兵,55
976,ts'ih,七,55
338,gying,近,55
228,gyü,懼,55
713,liang,量,55
335,yia,野,55
1054,yü,預,54
18,kön,感,53
649,ts,旨,53
314,'e,害,52
370,tsiang,將,52
887,wa,划,52
428,kô,迦,52
530,pih,逼,52
581,kwæn,關,52
575,kyi,記,50
743,fong,風,50
632,ze,財,50
724,kw'e,塊,50
816,zông,常,50
230,dziao,召,50
298,hyiang,向,49
301,wön,完,49
852,ma,買,49
525,lin,憐,49
349,mao,毛,49
260,pao,報,49
885,su,數,49
504,kæn,姦,48
1734,zing,仁,48
311,yü,慰,48
206,lao,佬,48
787,tæn,膽,48
1025,tso,{佐},48
951,tsang,爭,47
303,k'oh,哭,47
178,kw'eng,睏,47
919,yiu,友,47
949,shün,選,46
469,heh,黑,46
507,tsiu,咒,46
1273,sih,設,46
619,coh,祝,46
856,veng,分,46
811,zeng,存,45
12,seh,瑟,45
781,ah,阿,45
572,song,送,45
1293,nyün,軟,44
889,meo,母,44
422,kying,禁,44
145,c'ü,娶,44
696,tô,朵,44
1294,ziah,弱,43
1225,liu,流,43
284,diao,條,43
563,ku,古,43
657,'oh,惑,43
493,vu,附,43
659,dzæn,賺,43
921,zing,神,42
880,ng,耳,42
924,teng,頓,42
980,tsæh,撒,42
765,yü,癒,42
764,jün,痊,42
524,e,哀,42
440,pin,變,42
690,hwa,花,42
831,en,按,42
1198,nen,內,42
607,dih,敵,41
569,ku,故,41
157,t'eh,脫,41
770,peng,本,41
475,ng,魚,41
291,ling,臨,41
846,kong,工,41
901,tæn,耽,40
685,k'ong,空,40
213,leh,勒,40
799,yün,緣,40
516,gyüong,窮,40
520,nyih,業,40
844,sæn,散,40
1062,pông,幫,40
776,'ön,岸,39
153,c'ü,取,39
769,zih,席,39
1736,p'ô,帕,38
780,tsông,葬,38
647,tseng,尊,38
839,hyiang,鄉,38
790,mo,墓,38
570,'eng,恨,38
163,t'ôh,託,38
763,kyü,句,38
1136,yün,園,38
948,kæn,揀,38
774,tæn,擔,38
679,k'ön,看,37
168,nyin,驗,37
179,sing,醒,37
865,veng,份,37
998,yü,餘,37
1049,hôh,{嚯},37
1650,læh,臘,37
419,kông,降,37
519,sæn,產,37
495,fong,瘋,37
911,zing,盡,37
613,ngang,硬,36
1043,nön,男,36
437,du,肚,36
898,mi,美,36
409,t'e,推,36
876,'ôh,學,35
1126,lön,亂,35
1048,kying,驚,35
330,p'i,批,35
331,bing,評,35
923,'o,禍,35
556,fi,廢,35
53,mi,米,35
1300,ning,仍,35
1097,tsiang,帳,35
814,væn,飯,35
717,bæh,拔,34
277,hyiang,香,34
747,nge,呆,34
874,ne,耐,34
974,sao,掃,34
748,beng,笨,34
828,wa,壞,33
691,lao,勞,33
559,ka,誡,33
610,tsi,濟,33
772,nyih,熱,33
794,diao,趒,33
1745,kyin,堅,32
1272,yiah,越,32
384,keng,根,32
1415,bin,辯,32
464,pu,布,32
1382,kôh,擱,32
1252,kying,警,32
1224,c'ong,充,32
1271,yü,逾,32
922,tsih,跡,32
584,wæn,還,32
1059,nyin,念,31
752,mô,麻,31
1255,yiu,油,31
840,ts'eng,村,31
1173,ky'ün,圈,31
917,t'ön,貪,31
651,nying,日,31
1090,ih,益,31
928,sing,升,31
711,vông,防,30
1195,zing,情,30
836,siao,笑,30
576,ün,冤,30
714,ts',刺,30
756,pæn,班,30
984,kao,酵,30
656,mi,迷,30
1746,ku,固,29
1056,bing,憑,29
1541,kyüong,供,29
841,z,慈,29
936,hyü,虛,29
964,deh,奪,29
729,kying,謹,29
947,siang,商,29
786,kah,革,29
586,vu,婦,29
1166,gyiang,強,29
881,weng,魂,29
639,'ao,號,29
918,bong,朋,28
837,ky'in,牽,28
350,kyi,繫,28
595,ky'üih,缺,28
509,kw'ön,寬,28
734,bu,葡,28
608,cü,嘴,28
60,po,波,27
943,pa,擺,27
1112,ti,低,27
306,t'ong,痛,27
191,sing,星,27
1052,kwe,規,27
371,nu,怒,27
452,zu,助,27
479,pi,庇,27
1053,kyü,矩,27
735,dao,萄,27
602,ts'eo,湊,27
1128,tsu,阻,27
1143,pön,半,27
670,dao,盜,27
1035,siu,首,27
888,dziu,仇,27
1776,ngeo,偶,26
423,mo,魔,26
873,zing,忍,26
739,vong,奉,26
931,tsô,遮,26
872,ün,怨,26
1089,t'ong,統,26
593,neng,寗,26
1080,nyi,議,26
1359,su,素,26
942,mah,麥,26
342,p'u,鋪,26
864,bin,便,26
203,gyih,及,26
533,hyü,毀,26
1371,hyih,歇,26
550,ing,隱,26
534,pông,謗,26
1982,ts,肢,26
1148,pe,杯,26
202,yi,埃,25
1146,t'iao,挑,25
940,ts,姊,25
1546,sa,駛,25
1469,fu,富,25
1544,liang,良,25
997,miao,妙,25
1034,s,屍,25
482,pin,遍,25
1253,cong,忠,25
562,yü,于,25
941,me,妹,25
192,ying,引,25
582,dong,銅,25
438,hæh,{㾎},25
1085,sih,釋,25
680,ky'ing,輕,25
682,kyü,貴,25
1281,ts',❓,25
952,siang,傷,24
565,hyüong,兇,24
450,ku,顧,24
513,sô,舍,24
502,teng,燈,24
1045,doh,獨,24
701,'o,何,24
996,ao,奧,24
1163,yiao,搖,24
725,kwang,梗,24
1791,teh,德,24
886,tao,刀,24
449,t'iao,跳,24
783,tsôh,作,23
842,pe,悲,23
1157,lü,驢,23
1039,dzing,剩,23
614,æh,押,23
808,pæn,板,23
497,væn,范,23
571,mô,罵,23
708,ts,豬,23
1196,kô,嫁,23
611,le,{擂},23
386,tsôh,斫,23
1094,ting,丁,22
73,sô,沙,22
1344,tsih,職,22
773,æn,晏,22
351,iao,腰,22
954,dön,斷,22
270,p'oh,覆,22
1207,kwa,寡,22
1104,ts',次,22
526,ts'ing,清,22
295,p'in,騙,22
631,k'ông,囥,22
604,ti,抵,22
1010,zih,拾,22
538,lôh,樂,22
1038,p'ah,𤖼,22
540,sih,失,22
1572,tsiu,賙,22
1733,kyü,規,22
1151,sô,捨,21
300,shü,歲,21
672,ts'ah,拆,21
1320,ying,營,21
674,t'eo,偷,21
1029,pao,飽,21
201,dao,逃,21
1309,kyü,據,21
352,bi,皮,21
1051,nyi,疑,21
512,ling,鄰,21
1360,yüoh,慾,21
1280,kyi,計,21
822,se,碎,21
1024,s,師,21
1015,meh,末,21
1307,ô,丫,21
1431,me,每,21
798,shü,稅,20
1005,ky'üoh,曲,20
1017,k'ah,客,20
197,hyin,獻,20
474,mông,網,20
1037,dziao,朝,20
244,fu,府,20
294,hong,哄,20
323,ka,界,20
333,'o,河,20
1077,wu,糊,20
1575,p'eo,剖,20
1181,p'ang,碰,20
580,yüoh,役,20
1509,fu,付,20
364,zô,蛇,20
1160,læn,欖,20
692,loh,碌,20
1159,kæn,橄,20
402,dziang,場,20
491,teh,{得},20
496,t'æn,癱,20
966,pông,綁,19
1193,zing,誠,19
297,mang,猛,19
321,kön,敢,19
1145,tu,妒,19
429,nong,農,19
510,shü,恕,19
870,ying,刑,19
1101,'eo,{候},19
1093,ziang,象,19
990,tsih,即,19
1587,'ôh,惡,19
1125,ts'u,初,19
1154,yüih,越,19
785,ke,蓋,19
88,t'ih,鐵,19
1019,t'a,拖,19
810,doh,瀆,19
809,sih,褻,19
1744,zia,邪,18
995,loh,六,18
1227,kyi,雞,18
994,be,倍,18
1012,ts,枝,18
246,bing,並,18
1098,bong,篷,18
805,ô,啞,18
891,gwæn,擐,18
126,me,楣,18
749,li,厲,18
971,vi,微,18
1243,nyüih,月,18
529,moh,睦,18
960,nyiang,仰,18
481,pu,補,18
171,fæn,翻,18
1858,wæn,患,18
1488,lü,呂,18
1223,kweh,骨,17
858,pao,包,17
903,pa,跛,17
1684,li,哩,17
1341,gæh,搿,17
722,k'ao,敲,17
909,nyün,{?原},17
363,doh,毒,17
1598,nyün,原,17
1475,kyü,居,17
1313,tiu,丟,17
369,bi,避,17
1264,kyiu,久,17
702,hyüông,況,17
838,coh,囑,17
757,long,{隆},17
939,k'u,枯,17
89,pô,把,17
487,yiang,揚,17
432,lih,烈,16
1099,yüing,雲,16
1003,dzæn,暫,16
1199,pæh,八,16
1548,hyin,險,16
1318,gyi,忌,16
574,dæn,壇,16
824,de,袋,16
983,ts'e,菜,16
973,nön,南,16
1287,kyi,機,16
669,læn,爛,16
380,seng,孫,16
1102,gyü,跪,16
1470,joh,贖,16
977,bu,步,16
1277,o,{唩},16
21,ying,孕,16
20,wa,懷,16
1372,lin,鏈,16
638,c'ü,吹,16
600,fæh,髮,16
1092,ying,形,16
697,ts'ao,草,16
854,liah,略,16
1308,ts'iang,{昶},16
784,lông,浪,16
399,kön,乾,16
532,zôh,𧮙,16
1071,meh,抹,16
1103,lü,屢,15
1630,sing,伸,15
1135,yü,宇,15
217,tong,東,15
925,tsao,早,15
1639,wu,乎,15
791,kön,干,15
501,tu,堵,15
343,ka,街,15
1480,gyin,虔,15
867,hwe,灰,15
313,meo,謀,15
991,ts'iu,抽,15
654,tsa,債,15
818,lông,郎,15
252,yiang,養,15
893,sông,喪,15
1000,dziang,腸,15
1004,we,委,15
684,kying,緊,15
1007,dzing,{成},14
1006,dao,{道},14
521,k'eh,渴,14
723,côh,捉,14
1031,fong,封,14
934,weng,穩,14
1144,zing,辰,14
643,zing,靜,14
1532,nyi,泥,14
792,mo,磨,14
65,u,烏,14
488,jü,敘,14
944,zông,狀,14
1210,zih,入,14
408,siao,燒,14
1047,teo,鬥,14
978,kang,更,14
1040,ling,零,14
1441,hông,謊,14
551,zông,藏,14
1602,kong,功,14
1487,deh,特,14
972,hwa,化,14
1990,yiu,由,14
807,kông,扛,14
237,bön,盤,14
1289,s,詩,14
1448,ting,盯,14
1433,pôh,駁,14
920,bin,辨,14
1633,kyün,捐,14
1184,ngeo,牛,14
1118,ky'in,欠,14
965,kw'eng,捆,13
1292,di,啼,13
1030,læh,勒,13
1091,tsông,掌,13
1230,dziao,兆,13
989,sing,深,13
1142,ma,埋,13
686,tiao,鳥,13
1314,kô,價,13
1547,nyü,危,13
1352,vi,未,13
190,leh,粒,13
1378,kyün,眷,13
637,dih,特,13
1732,kyü,舉,13
426,lin,煉,13
392,'a,鞋,13
1836,ling,林,13
775,yü,圍,13
1533,piao,表,13
868,dzing,塵,13
745,ziang,牆,13
91,kying,金,13
721,ngao,咬,13
1816,ts'ao,譟,13
615,li,里,13
1484,ba,敗,13
855,zoh,族,12
255,ts,仔,12
733,bang,棚,12
356,djong,蟲,12
825,din,墊,12
1384,wu,護,12
1393,zih,舌,12
1231,mao,冒,12
1396,tsô,詐,12
1599,liang,諒,12
1609,ka,戒,12
1693,nyih,孽,12
250,kyüing,君,12
1263,kah,隔,12
606,ts',齒,12
1179,leo,樓,12
1409,ky'i,棄,12
1200,vông,亡,12
698,nyiang,亮,12
1690,yiu,誘,12
226,siu,宿,12
1460,dzô,查,12
1804,tao,島,12
1338,hweh,忽,12
935,ky'in,謙,12
1192,tông,黨,12
1149,æh,壓,12
472,ing,陰,12
1350,tông,擋,12
500,yin,鹽,12
1316,kwa,怪,12
913,z,市,12
1186,zi,齊,12
1134,p'a,派,12
658,veng,{?分},11
55,dæh,達,11
548,dæh,踏,11
494,tin,癲,11
1133,ts,支,11
1188,yiang,垟,11
1825,t'ih,帖,11
2011,z,示,11
797,gyin,件,11
1083,so,鎖,11
932,ze,才,11
1303,zæn,饞,11
1450,diao,調,11
1304,t'u,唾,11
2010,moh,默,11
1305,t'u,吐,11
1408,in,厭,11
801,leo,漏,11
1095,lin,臉,11
671,zeh,賊,11
871,pin,鞭,11
187,vông,房,11
1156,p'ih,匹,11
1570,'ao,毫,11
1073,'ong,紅,11
1945,kyih,激,11
1285,fi,費,11
1342,teo,抖,11
573,nyüoh,獄,11
1270,fu,敷,11
1011,cü,株,11
1269,c'ih,{出},11
130,t'e,退,11
812,yüong,容,11
1217,ku,股,10
1490,ling,令,10
605,ngô,牙,10
1564,kw'e,盔,10
1688,zih,習,10
58,læh,喇,10
1592,z,而,10
617,tsia,借,10
1550,nying,迎,10
1086,ts',此,10
1458,ts,至,10
827,lih,裂,10
981,ba,稗,10
890,p'e,配,10
517,weng,溫,10
518,ziu,柔,10
418,kön,鴿,10
1333,c'ôh,戳,10
417,bôh,{薄},10
906,lu,蘆,10
1155,gyi,騎,10
1312,tsao,嘲,10
845,joh,熟,10
1117,kyiu,九,10
193,dao,導,10
403,koh,穀,10
927,ta,戴,10
1140,sing,申,10
1021,k'u,庫,10
782,mah,驀,10
1835,cü,追,10
1236,tse,災,10
1618,hyüong,胸,10
2017,'ông,項,10
1127,t'e,胎,9
1656,dziang,詳,9
455,bang,碰,9
465,næh,納,9
1580,cü,醉,9
598,teng,凳,9
1641,tsao,遭,9
1174,ts'iang,槍,9
405,ts'ông,倉,9
1114,kwa,掛,9
1671,zing,甚,9
1167,na,奶,9
542,mi,味,9
945,k'ang,坑,9
1871,fu,副,9
273,pao,寶,9
1890,zin,賤,9
1405,t'æh,搨,9
1891,ts'ing,趁,9
1290,ts'ông,唱,9
1414,mæn,慢,9
1420,li,淚,9
1377,moh,目,9
1445,wang,橫,9
1815,pih,別,9
1284,kyiao,澆,9
969,tsiang,賬,9
813,yi,易,9
1014,feng,粉,9
1932,sông,賞,9
673,dong,洞,9
1935,ts'æh,察,9
80,liah,掠,9
82,leng,倫,9
1311,kwön,冠,9
1282,nao,鬧,9
302,ts'iah,{且},9
1739,kyüih,決,9
1727,gyih,極,9
2001,kyi,{記},9
1182,kôh,角,8
1317,li,例,8
1329,kyiu,鬮,8
1355,tsi,擠,8
1655,nyin,言,8
1295,kweng,棍,8
1889,pi,卑,8
51,o,阿,8
1361,min,眠,8
1764,tin,典,8
1565,kæh,甲,8
1203,mih,末,8
1205,yin,筵,8
1206,t'eng,吞,8
1743,vôh,縛,8
1540,k'a,揩,8
1472,ts'ah,冊,8
1362,zông,牀,8
1232,tsiang,仗,8
1673,ing,印,8
1406,t'æn,嘆,8
1567,ky'i,器,8
1376,k'eng,懇,8
1363,mön,瞞,8
1399,ngao,傲,8
1063,côh,桌,8
1013,hong,蕻,8
959,sing,勝,8
1022,moh,木,8
736,tsah,摘,8
746,ngæn,巖,8
215,'eng,恆,8
982,ka,芥,8
979,kæn,奸,8
1041,din,填,8
1115,kying,頸,8
623,yü,雨,8
830,te,{對},8
1963,kông,剛,8
592,leo,摟,8
879,lu,露,8
503,liang,{?亮},8
644,kæn,間,8
907,dih,荻,8
1061,hyi,戲,8
878,poh,卜,8
709,'æh,狹,7
1065,zih,疾,7
1537,yü,違,7
1806,ziao,擾,7
718,keo,狗,7
1803,ts'oh,簇,7
710,tsæh,窄,7
1046,p'iao,飄,7
1483,se,衰,7
1237,tong,冬,7
1775,ziu,授,7
1763,nyin,嚴,7
1042,lo,籮,7
1249,nô,挪,7
1513,joh,俗,7
1518,wu,湖,7
1221,beng,盆,7
1792,kwông,廣,7
1139,ng,午,7
1465,si,勢,7
1462,k'ôh,確,7
894,tsæn,盞,7
132,k'eo,{扣},7
1323,na,奈,7
1321,bao,袍,7
137,mong,夢,7
1345,geo,{佝},7
912,ts,止,7
189,pôh,博,7
1379,a,挨,7
963,ts'iang,搶,7
79,lo,虜,7
819,'o,賀,7
1398,kyiao,驕,7
803,lu,魯,7
1279,kyü,詭,7
796,tsing,浸,7
1275,ts'æn,餐,7
1274,væn,晚,7
1068,tah,{搭},7
755,zing,承,7
753,m,母,7
1538,be,背,7
904,long,聾,7
1552,tong,懂,7
541,'æn,鹹,7
1964,ko,歌,7
2037,ts'eng,寸,7
1678,dz,池,7
396,dön,團,7
52,læn,蘭,7
1694,tseh,撒,7
1576,ho,貨,7
1672,wông,旺,7
1581,dziah,着,7
1683,kyiu,究,7
1177,tsih,汁,7
663,tsih,積,7
1069,liao,{了},7
1130,hao,孝,7
1665,kyi,磯,7
1106,nyih,逆,6
1447,hong,烘,6
1712,tsin,戰,6
806,du,渡,6
1400,gyüông,狂,6
2042,le,累,6
1107,yi,移,6
677,u,惡,6
1423,peh,不,6
1426,tsæh,紮,6
1434,kô,❓,6
1171,ao,懊,6
1850,feng,紛,6
2063,lôh,絡,6
665,cü,蛀,6
1296,siah,削,6
552,teo,斗,6
1152,t'i,替,6
2044,djoh,逐,6
1647,yiao,謠,6
1322,pin,編,6
1664,mi,彌,6
1319,so,唆,6
1637,kying,巾,6
1346,siu,獸,6
1351,pe,背,6
1354,tsiang,張,6
1682,k'ao,考,6
859,voh,袱,6
843,kw'eng,困,6
2004,yih,譯,6
1302,p'o,破,6
1119,'æn,限,6
1813,miao,廟,6
961,vông,望,6
2021,tsin,薦,6
1260,tin,店,6
695,sih,飾,6
1811,pih,筆,6
348,do,駝,6
1521,p'ao,拋,6
263,ding,停,6
1519,ts'ang,撐,6
1222,ts,𣥼,6
1493,sah,索,6
609,kwah,摑,6
1500,z,耳,6
1455,liao,料,6
1332,ts'u,醋,6
1189,tsao,糟,6
1190,t'æh,蹋,6
1517,ho,夥,6
1772,jih,絕,6
1512,p'in,篇,6
347,lôh,駱,6
1927,s,始,6
1050,dzing,沉,6
716,liang,樑,6
1064,zæn,殘,6
1070,læn,籃,6
1456,jü,序,6
1183,næh,捺,6
732,lông,狼,6
1212,c'ing,蠢,6
715,tong,棟,6
1211,nyü,愚,6
731,za,豺,6
1713,hyih,脅,6
1100,tsing,整,6
664,djü,儲,5
1750,veng,問,5
866,tæn,撣,5
1644,hweng,昏,5
1530,ngæn,岩,5
1885,tsih,執,5
661,wön,換,5
877,zông,尚,5
1738,bông,旁,5
1751,ts'u,粗,5
1348,kying,筋,5
2036,dôh,度,5
1766,sih,式,5
1681,kao,攪,5
834,kying,襟,5
1608,ts'ô,差,5
2025,zing,慎,5
591,li,{累},5
1582,kyih,急,5
1464,nga,訝,5
1594,tsing,井,5
779,k'o,窠,5
1701,pông,榜,5
788,da,{埭},5
802,nga,睚,5
2099,kô,嘉,5
1515,na,乃,5
1401,vông,妄,5
1571,t'eo,透,5
553,de,臺,5
1953,ing,慇,5
271,ky'iao,撬,5
1568,ying,贏,5
1388,nyin,廿,5
1381,mông,忙,5
1566,kyüing,軍,5
1818,tiao,雕,5
815,gyin,健,5
1651,bu,部,5
1908,mæn,蠻,5
926,p'i,披,5
1978,vông,{?房},5
1244,kô,駕,5
1066,bi,疲,5
930,tse,宰,5
1067,gyün,倦,5
1194,cing,準,5
1917,'æn,陷,5
1265,ling,另,5
1213,bôh,薄,5
962,hön,漢,5
1268,min,綿,5
1985,yih,易,5
1233,mi,未,5
985,pe,貝,5
1172,gyi,妓,5
988,fi,飛,5
1170,yih,葉,5
916,vu,舞,5
1278,ngô,衙,5
1220,wön,碗,5
1934,sing,{?新},5
1055,jing,脣,5
1933,zông,{?上},5
1239,sin,閃,5
1954,gying,懃,5
1977,tsiang,{?賬},5
274,'æh,匣,4
1008,miao,苗,4
699,lu,爐,4
1898,gôh,擱,4
1976,seh,圾,4
1096,tæh,搭,4
1001,læn,懶,4
1088,k'eh,克,4
1823,be,陪,4
1175,li,籬,4
1105,be,悖,4
1421,bao,抱,4
1585,læn,欄,4
1569,ü,喂,4
1991,sông,傷,4
1276,ling,領,4
1413,voh,復,4
1704,di,遞,4
1702,t'ih,踢,4
1787,tsin,剪,4
795,ts'ön,竄,4
1786,ts'ô,車,4
1185,công,壯,4
1191,t'eng,{吞},4
110,veng,文,4
1798,p'in,偏,4
1796,mong,蒙,4
1240,din,電,4
278,meh,沒,4
1485,kyin,劍,4
1248,'ô,夏,4
719,tsing,珍,4
720,cü,珠,4
1975,leh,垃,4
2065,ts'eh,測,4
728,kw'eh,闊,4
1553,nyih,捏,4
1076,sing,{星},4
1254,du,塗,4
74,tæn,担,4
641,ts'ô,岔,4
1486,zin,漸,4
1972,'eo,❓,4
1451,lih,歷,4
1238,kæn,減,4
1262,nyi,藝,4
744,djông,撞,4
1079,mông,忘,4
1817,su,塑,4
1020,dong,桶,4
1036,dz,遲,4
1593,nao,腦,4
1315,yiao,窰,4
1339,mao,貌,4
937,ah,軛,4
1614,ky'iao,巧,4
2094,zih,折,4
1324,t'a,他,4
1299,gyüoh,局,4
1164,de,兌,4
908,kyüong,宮,4
1162,nah,那,4
882,tsiang,雀,4
1373,liao,鐐,4
368,to,躲,4
1161,shing,郇,4
1621,hyiang,享,4
1347,gyi,期,4
2015,tsiah,爵,4
1680,lông,廊,4
50,leng,崙,4
398,pe,簸,4
860,shông,雙,4
401,sô,曬,4
1670,zing,繩,4
1325,k'u,骷,4
1340,shih,雪,4
1385,hông,慌,4
1326,leo,髏,4
1596,nyiang,讓,4
357,mih,蜜,4
2062,lin,聯,4
1698,p'eng,噴,4
1851,yüih,㧒,4
1168,shoh,宿,4
1893,ao,澳,4
1894,mao,錨,4
1150,tsi,制,4
1291,mæn,晚,4
1691,kông,江,4
1662,ts'iang,創,4
1389,ts'ing,青,4
1648,ön,案,3
1959,wang,{?橫},3
279,yiah,藥,3
1044,ts'e,催,3
1667,kông,缸,3
2030,bing,貧,3
1514,nyü,語,3
1122,long,嚨,3
1960,li,{?理},3
1768,ha,哈,3
1208,mæn,漫,3
1663,kw'eng,窟,3
1930,toh,篤,3
1516,seng,損,3
1132,tsing,針,3
1060,biao,嫖,3
1769,ts'in,遷,3
1752,p'eng,{?噴},3
1131,c'ün,穿,3
468,moh,墨,3
1677,zôh,昨,3
1202,kæh,胛,3
1669,liao,了,3
1165,gyü,櫃,3
1968,zing,❓,3
1579,dzin,錢,3
1180,k'o,揢,3
1951,tao,{?到},3
1952,kyiah,{?腳},3
4,pu,譜,3
1605,hyi,嬉,3
1711,t'æn,炭,3
366,tông,{?黨},3
1586,dzin,纏,3
365,cong,{?種},3
1705,sao,燥,3
1597,tsiu,晝,3
1169,k'u,{枯},3
1574,yü,於,3
1087,te,𠡒,3
1687,nô,嗱,3
1623,kang,耕,3
1201,kyin,肩,3
1973,dao,稻,3
1121,'eo,喉,3
1120,ts'ô,叉,3
1628,k'e,割,3
1735,shing,旬,3
1113,bæn,爿,3
1686,mô,嗎,3
1619,tsæn,蘸,3
1562,ts'ao,吵,3
1725,u,{塢},3
618,z,辭,3
1967,ts,❓,3
57,meng,們,3
1710,sa,❓,3
1328,zông,嘗,3
700,pæn,扮,3
245,yün,縣,3
1437,dzih,值,3
1438,du,途,3
1819,ts'ih,{緝},3
1374,k'ao,銬,3
1016,ky'iu,坵,3
1442,bing,瓶,3
1444,pô,爸,3
2020,zeh,雜,3
1896,sæn,舢,3
2023,pe,碑,3
2008,kying,鏡,3
1258,c'ong,銃,3
1870,væn,煩,3
1257,k'eh,瞌,3
1919,ky'i,欺,3
1897,sôh,索,3
1301,ts'e,扯,3
1297,k'ôh,殼,3
1023,ziang,匠,3
1411,keh,个,3
1286,p'u,普,3
1397,dông,蕩,3
986,hwæh,{豁},3
1283,nyüoh,玉,3
1849,kwön,館,3
992,pih,癟,3
1407,li,釐,3
1390,ba,排,3
1863,t'i,剃,3
1417,væh,{沫},3
1842,shü,輸,3
1838,kyih,擊,3
778,li,狸,3
1837,kong,攻,3
777,wu,狐,3
821,pang,綳,3
251,moh,牧,3
1810,ming,憫,3
1353,t'æh,塔,3
101,gyüong,共,3
1481,ky'ü,去,3
1310,tiao,吊,3
1795,nyi,蟻,3
1794,dông,宕,3
1349,sin,鮮,3
1492,siu,修,3
1793,siao,硝,3
1235,yüoh,疫,3
1788,voh,伏,3
1888,gying,勤,3
1234,weng,瘟,3
897,sing,汛,3
1782,tön,端,3
1780,jih,術,3
1336,zôh,鑿,3
129,ô,下,3
1334,mön,幔,3
1330,t'ih,貼,3
1241,la,癩,3
1992,du,度,3
1306,gyün,拳,3
1246,neng,嫩,3
2019,weng,混,3
1245,ju,聚,3
862,bông,棒,3
1473,tsiao,詔,3
1250,'ong,洪,3
1247,pao,苞,3
1476,zao,槽,3
2084,yih,協,2
1882,sing,紳,2
1883,kying,衿,2
1856,k'u,箍,2
1857,shôh,朔,2
1855,zeng,層,2
1957,neh,納,2
1961,nge,礙,2
1874,dzing,任,2
1674,nyün,源,2
2052,tso,{?做},2
1867,k'ao,拷,2
1865,ka,階,2
2097,tia,爹,2
2056,ô,夏,2
1689,ying,飲,2
1653,ngwu,迕,2
2096,'o,阿,2
1864,in,檐,2
2051,liu,溜,2
1879,tön,{?端},2
1997,min,冕,2
1668,yiao,舀,2
1880,fông,{?方},2
1777,fæn,番,2
1697,kying,斤,2
1926,ky'iao,{?巧},2
1939,u,糊,2
2032,meo,茂,2
2031,min,勉,2
2026,ky'ing,欽,2
1747,s,施,2
1936,yiu,佑,2
1802,tæh,{搭},2
2067,dông,盪,2
1799,kô,伽,2
1755,tön,短,2
1758,ping,殯,2
1759,lin,殮,2
2028,væh,乏,2
1767,shoh,叔,2
1931,lin,練,2
1785,ô,阿,2
1779,üong,擁,2
1929,veo,復,2
1771,gyü,拒,2
1928,ky'in,愆,2
2029,dzæn,{賺},2
2033,zing,盛,2
1740,ts'e,猜,2
2098,jing,循,2
1808,tsao,罩,2
1848,yü,威,2
1847,'ông,行,2
1844,ku,估,2
1833,tsih,質,2
1829,veng,聞,2
1828,c'ông,闖,2
1778,c'ong,寵,2
2079,kön,甘,2
1721,zia,斜,2
1899,ts'eo,{?湊},2
2039,bæh,白,2
1821,zæh,閘,2
1723,k'ông,❓,2
1969,foh,腹,2
1946,mong,懵,2
1983,ky'ü,虧,2
1814,mao,帽,2
1728,wæn,挽,2
2064,ky'ih,怯,2
2035,kao,較,2
1974,kön,稈,2
1827,k'eh,{?刻},2
1057,'ang,{?行},2
914,bön,伴,2
1545,keng,{㔶},2
694,min,棉,2
693,fông,紡,2
668,me,霉,2
667,siu,銹,2
642,iu,幽,2
1529,t'ih,剔,2
1531,c'ông,{撞},2
599,kying,京,2
1412,p'iao,漂,2
1536,bao,暴,2
1539,læn,濫,2
1542,su,蘇,2
1410,yiao,耀,2
451,vu,扶,2
705,kyüoh,喫,2
1549,gyü,具,2
1551,si,❓,2
1394,yüoh,浴,2
1138,z,巳,2
1141,yiu,酉,2
1176,gyüih,掘,2
1178,tsô,醡,2
381,fu,斧,2
1187,shih,恤,2
1383,ngo,蛾,2
1197,seh,塞,2
355,wông,蝗,2
322,wæn,彎,2
1525,ze,銳,2
1524,ts'o,搓,2
1375,nyiu,扭,2
1032,zing,臣,2
999,yu,爲,2
975,tsông,裝,2
1468,pi,臂,2
1452,fu,孚,2
1471,jü,豎,2
1009,deo,{?頭},2
958,meng,悶,2
1443,ky'ih,挈,2
1018,teo,兜,2
1026,læh,律,2
1482,ming,民,2
1495,ong,翁,2
1496,mo,馬,2
1058,ts',廁,2
712,t'æn,灘,2
1430,ho,伙,2
1429,kô,傢,2
1428,na,那,2
915,dih,笛,2
1074,lo,❓,2
1261,vu,武,2
896,leh,拉,2
1508,kæh,䀹,2
1084,z,匙,2
823,k'ong,孔,2
738,li,藜,2
1109,tiao,釣,2
737,zih,蒺,2
292,cong,終,2
397,kyi,箕,2
1615,ts,紫,2
1337,ziu,壽,2
170,ne,內,2
1228,yih,翼,2
1229,pông,膀,2
1611,dæn,彈,2
1612,leo,簍,2
1613,p'iao,票,2
1616,ts'ông,瘡,2
1620,yin,焰,2
1622,fong,楓,2
1356,le,雷,2
131,hweng,婚,2
1600,'ông,巷,2
92,dôh,鐸,2
90,üoh,郁,2
75,hah,哈,2
30,'æn,銜,2
1256,kwön,罐,2
1259,ning,寧,2
1267,du,惰,2
1642,yiang,洋,2
1645,'ön,汗,2
1646,ti,渧,2
1601,zông,嚐,2
1002,pi,閉,2
1590,ku,臌,2
1591,tsiang,脹,2
1369,p'eh,潑,2
1584,ing,蔭,2
1588,poh,北,2
1209,'ön,旱,2
1583,heo,{佝},2
1368,liang,涼,2
1214,'o,荷,2
1948,keo,{佝},1
1947,tsih,脊,1
1949,joh,肉,1
1980,ts,{?子},1
1920,vu,負,1
1072,zing,晴,1
1033,iæh,約,1
1918,p'ih,僻,1
1075,kw'eng,{睏},1
1979,ing,{?影},1
1921,z,在,1
1215,we,茴,1
1981,ma,罵,1
1078,ngæn,顏,1
1916,gying,禽,1
1984,kwön,倌,1
1941,c'ü,❓,1
1915,nyü,寓,1
1914,diao,掉,1
1986,ing,姻,1
1913,kyüong,恭,1
1912,li,痢,1
1911,cong,腫,1
1987,ngwu,誤,1
1942,joh,❓,1
1910,tæn,{?單},1
1922,hyüoh,蓄,1
1971,wön,婉,1
1950,tsiang,漿,1
1956,cün,專,1
1958,kwæh,括,1
1218,ying,蠅,1
1219,li,濾,1
1124,ts,{?之},1
1123,yü,{?餘},1
1226,kwön,貫,1
1116,gwæn,掼,1
1962,hweng,葷,1
1111,p'æn,{扳},1
1137,kao,萄,1
1110,keo,鉤,1
1965,seng,遜,1
1242,ying,鷹,1
1955,te,堆,1
1216,gying,芹,1
1943,ta,歹,1
1251,kôh,覺,1
1937,kyi,饑,1
1966,fæh,弗,1
1925,p'ao,跑,1
1938,pôh,膊,1
1988,z,{是},1
1204,be,佩,1
1108,mæ,枚,1
1924,me,昧,1
1940,ming,盟,1
1923,tsoh,作,1
1970,kweh,括,1
1944,kw'eng,❓,1
1652,teng,{?等},1
1989,ts'ô,錯,1
2073,mæn,{頑},1
2082,tsin,箭,1
2081,ba,牌,1
2080,deng,籐,1
232,s,祀,1
2078,fu,撫,1
2077,tseo,皺,1
2076,le,{癗},1
2075,tsih,{跡},1
2074,ts'e,彩,1
2072,ts'iu,醜,1
2085,ts,智,1
2071,ts'eh,惻,1
2070,ts',恥,1
2069,lin,廉,1
2068,yüing,運,1
276,jü,乳,1
2066,ts'i,砌,1
358,t'ong,统,1
2061,tso,佐,1
2060,deo,投,1
2083,t'ih,{鐵},1
2086,yü,慧,1
2058,kao,{?教},1
2103,ying,影,1
2112,sang,甥,1
2111,ts,志,1
2110,de,{?紿},1
2109,ky'i,{?欺},1
2108,dih,狄,1
2107,yi,夷,1
2106,nao,惱,1
2105,gao,{骹},1
2104,tsong,蹤,1
2102,ti,{?蒂},1
2087,yiu,{?又},1
2101,din,甜,1
2100,dông,糖,1
2095,piao,標,1
2093,mô,摩,1
2092,dziang,❓,1
2091,liang,两,1
2090,kwa,❓,1
2089,sing,❓,1
2088,ding,廷,1
2059,nyün,{?源},1
2057,zia,{?邪},1
1993,nyin,碾,1
2005,nao,鐃,1
2016,zi,誓,1
2014,ky'iao,❓,1
2013,gying,琴,1
2012,siao,簫,1
953,ngah,扼,1
2009,ngôh,樂,1
955,me,煝,1
2007,du,圖,1
2006,p'ing,品,1
956,læh,蠟,1
869,ngô,蛾,1
2003,yüing,勻,1
2002,hyüong,嗅,1
957,coh,燭,1
2000,yü,諭,1
1999,ts'ao,❓,1
1998,bön,磐,1
1996,kao,校,1
1995,z,侍,1
1994,koh,谷,1
2018,nyih,{?益},1
835,ku,鼓,1
2055,yü,喻,1
2043,sing,辛,1
2054,tseng,憎,1
2053,yin,嫌,1
406,hæn,䫲,1
2050,djü,柱,1
2049,ku,來,1
2048,me,枚,1
2047,ngæn,❓,1
2046,tu,❓,1
2045,væn,繁,1
558,wah,畫,1
2022,ts'ing,{?請},1
2041,wa,娃,1
2040,p'ing,聘,1
2038,tsin,{?佔},1
603,i,裏,1
628,nyiao,饒,1
2034,tô,多,1
662,s,梳,1
2027,sn,所,1
2024,gyüong,狂,1
1909,za,柴,1
1358,sæn,撒,1
1907,lin,{臉},1
1556,keh,這,1
1534,ze,材,1
1535,kông,槓,1
1749,tsang,掙,1
1748,tsang,踭,1
1543,sih,濕,1
1742,ts'u,楚,1
1741,in,煙,1
1554,li,犁,1
1737,læn,攔,1
1555,sao,❓,1
1557,peng,❓,1
1754,'eo,侯,1
1558,üong,壅,1
1559,hyih,蠍,1
1731,dzing,程,1
1730,ke,開,1
1729,cü,{?註},1
1560,pôh,剝,1
1561,yü,僞,1
1726,do,多,1
1563,shih,蠍,1
1724,tsih,折,1
1753,cü,諸,1
1756,tsih,{?即},1
1722,kwe,薈,1
1511,kyün,捲,1
1502,tæn,丹,1
1781,nyiah,虐,1
1503,t'o,他,1
1504,'ôh,鶴,1
1505,loh,鹿,1
1506,keo,苟,1
1507,nôh,諾,1
1774,ge,❓,1
1773,hyiao,❓,1
1510,t'æn,攤,1
1770,gyiu,柩,1
1757,s,{?使},1
1520,p'ing,拼,1
1522,t'eng,{?褪},1
1523,yi,係,1
1765,vu,誣,1
1526,vông,忘,1
1762,ing,映,1
1761,ing,影,1
1760,c'ing,春,1
1527,keo,{?鉤},1
1528,lôh,{?落},1
1573,yüing,芸,1
1577,ô,鴉,1
1906,c'ong,衝,1
1635,a,矮,1
1679,pih,畢,1
1625,tsiang,漲,1
1626,liu,硫,1
1676,shoh,蓄,1
1675,üong,湧,1
1627,wông,磺,1
1629,ing,鷹,1
1631,lo,囉,1
1632,so,嗦,1
1634,de,擡,1
1636,pah,{迫},1
1617,t'in,舔,1
1638,coh,築,1
1666,kô,果,1
1640,t'ön,探,1
1643,ngô,芽,1
1661,tsu,初,1
1660,bu,{?蒲},1
1659,fong,蜂,1
1658,kôh,烙,1
1657,zia,{?斜},1
1649,jing,吮,1
1624,fæn,泛,1
1685,li,費,1
1720,tsao,草,1
1706,kyih,汲,1
1719,sih,膝,1
1718,ku,徒,1
1717,vong,縫,1
1716,ah,厄,1
1715,bön,叛,1
1714,kô,哥,1
1578,dzæn,棧,1
1709,long,籠,1
1708,ky'i,溪,1
1707,leng,淪,1
1589,iu,有,1
1610,kyin,牽,1
1703,ge,隑,1
1595,liao,撈,1
1700,ying,{孕},1
1699,tsao,棗,1
1696,lin,蓮,1
1695,tan,單,1
1603,bi,肥,1
1604,yiu,遊,1
1606,kyi,飢,1
1607,nge,餓,1
1783,ziao,繞,1
1784,sæh,薩,1
1501,no,拿,1
1862,li,李,1
1876,ông,項,1
1875,jong,訟,1
1367,ts'ô,杈,1
1873,sia,卸,1
1872,hwe,賄,1
1869,li,力,1
1868,tsông,壯,1
1370,tsing,枕,1
1866,pih,謐,1
1380,gæn,陷,1
1861,læh,剌,1
1878,yi,❓,1
1860,'o,{唩},1
1859,ka,介,1
1386,ön,翰,1
1387,ky'iah,卻,1
1391,long,攏,1
1392,tsông,莊,1
1854,c'ông,窗,1
1853,fu,{?赴},1
1852,z,視,1
1395,kôh,咯,1
1877,yiu,❓,1
1366,ô,椏,1
1499,sông,桑,1
1327,sön,酸,1
1905,kæh,夾,1
1904,dziao,潮,1
1903,do,舵,1
1902,mæn,饅,1
1901,t'eng,氽,1
1900,tsiao,礁,1
1266,kwa,快,1
1288,m,某,1
1298,mæn,萬,1
1895,deng,屯,1
1331,lah,啦,1
1365,kyin,䥛,1
1892,kô,佳,1
1335,kwah,䂸,1
1343,pô,怕,1
1887,kyün,卷,1
1886,tseo,奏,1
1357,ts'ih,戚,1
1884,pi,被,1
1654,mah,抹,1
1364,tse,最,1
1881,ing,❓,1
1402,leh,臘,1
1846,hön,龕,1
1845,veh,佛,1
1801,k'u,❓,1
1453,'e,咳,1
1812,yin,{?演},1
1454,læh,啦,1
1459,mi,尾,1
1809,yüoh,育,1
1463,ts'in,籤,1
1807,vu,霧,1
1805,ts'o,錯,1
1474,pæn,頒,1
1477,jing,巡,1
1800,ting,❓,1
1416,nyiu,{?扭},1
1478,pæn,斑,1
1479,kyiu,鳩,1
1797,ky'i,啓,1
1489,nyih,聶,1
1491,kông,崗,1
1494,mo,麼,1
1790,ling,鱗,1
1789,ming,皿,1
1497,sô,所,1
1498,lô,羅,1
1449,'eo,厚,1
1446,t'eng,褪,1
1440,kw'eng,昏,1
1439,wông,黃,1
1843,kong,講,1
1418,kyiang,僵,1
1841,ngô,瓦,1
1840,gyüing,裙,1
1839,yün,院,1
1419,foh,覆,1
1422,kwa,拐,1
1424,ts,司,1
1425,lah,拉,1
1834,dön,段,1
1427,ko,家,1
1832,ts,址,1
1831,mah,脈,1
1830,dziu,宙,1
1826,fi,妃,1
1432,wen,活,1
1824,su,蔬,1
1435,yia,❓,1
1822,'eng,痕,1
1436,væn,燔,1
1820,k'o,課,1
2113,pô,波,1
